{"cameraMode":{"drawMode":0,"name":"Shaded","section":"Shading Mode"},"sceneLighting":false,"audioPlay":false,"sceneViewState":{"showFog":true,"showMaterialUpdate":false,"showSkybox":false,"showFlares":true,"showImageEffects":true,"showParticleSystems":true},"in2DMode":false,"pivot":{"x":-1.6476056575775147,"y":0.9726712703704834,"z":-0.4067821502685547},"rotation":{"x":0.052276067435741428,"y":0.9410632252693176,"z":-0.28678929805755618,"w":0.17153722047805787},"size":3.4654221534729006,"orthographic":false}