{"cameraMode":{"drawMode":0,"name":"Shaded","section":"Shading Mode"},"sceneLighting":false,"audioPlay":false,"sceneViewState":{"showFog":true,"showMaterialUpdate":false,"showSkybox":false,"showFlares":true,"showImageEffects":true,"showParticleSystems":true},"in2DMode":false,"pivot":{"x":-8.298463821411133,"y":4.349999904632568,"z":-3.834500789642334},"rotation":{"x":-0.017144275829195977,"y":0.9829685091972351,"z":0.12809337675571443,"w":0.13111697137355805},"size":1.2068963050842286,"orthographic":true}