{"cameraMode":{"drawMode":0,"name":"Shaded","section":"Shading Mode"},"sceneLighting":false,"audioPlay":false,"sceneViewState":{"showFog":true,"showMaterialUpdate":false,"showSkybox":false,"showFlares":true,"showImageEffects":true,"showParticleSystems":true},"in2DMode":false,"pivot":{"x":-2.7300000190734865,"y":2.930000066757202,"z":-1.9299999475479127},"rotation":{"x":-0.23265281319618226,"y":-0.6808026432991028,"z":0.24350933730602265,"w":-0.650449812412262},"size":1.5006413459777833,"orthographic":true}