{"cameraMode":{"drawMode":0,"name":"Shaded","section":"Shading Mode"},"sceneLighting":true,"audioPlay":false,"sceneViewState":{"showFog":true,"showMaterialUpdate":false,"showSkybox":true,"showFlares":true,"showImageEffects":true,"showParticleSystems":true},"in2DMode":false,"pivot":{"x":2.968204975128174,"y":-3.138899564743042,"z":-1.9565021991729737},"rotation":{"x":-0.3298211395740509,"y":-0.5997397899627686,"z":0.2970741391181946,"w":-0.66585373878479},"size":5.824400424957275,"orthographic":false}