{"cameraMode":{"drawMode":0,"name":"Shaded","section":"Shading Mode"},"sceneLighting":false,"audioPlay":false,"sceneViewState":{"showFog":true,"showMaterialUpdate":false,"showSkybox":false,"showFlares":true,"showImageEffects":true,"showParticleSystems":true},"in2DMode":false,"pivot":{"x":-2.492640495300293,"y":3.402971029281616,"z":0.6621947288513184},"rotation":{"x":-0.2873094379901886,"y":-0.6810527443885803,"z":0.33482739329338076,"w":-0.5844734311103821},"size":1.5963472127914429,"orthographic":false}