{"cameraMode":{"drawMode":0,"name":"Shaded","section":"Shading Mode"},"sceneLighting":true,"audioPlay":false,"sceneViewState":{"showFog":true,"showMaterialUpdate":false,"showSkybox":true,"showFlares":true,"showImageEffects":true,"showParticleSystems":true},"in2DMode":false,"pivot":{"x":1.0939970016479493,"y":-4.379398345947266,"z":0.593533992767334},"rotation":{"x":-0.37833505868911745,"y":-0.5958890914916992,"z":0.37518805265426638,"w":-0.6009125709533691},"size":5.34019660949707,"orthographic":false}