{"cameraMode":{"drawMode":0,"name":"Shaded","section":"Shading Mode"},"sceneLighting":false,"audioPlay":false,"sceneViewState":{"showFog":true,"showMaterialUpdate":false,"showSkybox":true,"showFlares":true,"showImageEffects":true,"showParticleSystems":true},"in2DMode":false,"pivot":{"x":216.18130493164063,"y":134.9584503173828,"z":-21.625625610351564},"rotation":{"x":-0.1764749139547348,"y":0.6921431422233582,"z":-0.18065312504768372,"w":-0.6761349439620972},"size":-115.51179504394531,"orthographic":false}