{"cameraMode":{"drawMode":0,"name":"Shaded","section":"Shading Mode"},"sceneLighting":false,"audioPlay":false,"sceneViewState":{"showFog":true,"showMaterialUpdate":false,"showSkybox":true,"showFlares":true,"showImageEffects":true,"showParticleSystems":true},"in2DMode":false,"pivot":{"x":162.98074340820313,"y":-154.9970245361328,"z":-2.256824016571045},"rotation":{"x":0.26237720251083376,"y":0.6602410674095154,"z":-0.26586154103279116,"w":0.6515862345695496},"size":119.63197326660156,"orthographic":false}