{"cameraMode":{"drawMode":0,"name":"Shaded","section":"Shading Mode"},"sceneLighting":false,"audioPlay":false,"sceneViewState":{"showFog":true,"showMaterialUpdate":false,"showSkybox":true,"showFlares":true,"showImageEffects":true,"showParticleSystems":true},"in2DMode":false,"pivot":{"x":56.047916412353519,"y":-55.16009521484375,"z":0.13151714205741883},"rotation":{"x":0.27557286620140078,"y":0.649914562702179,"z":-0.2742493152618408,"w":0.6530448198318481},"size":46.64734649658203,"orthographic":false}